<?xml version="1.0" encoding="UTF-8" ?>
<!DOCTYPE mapper PUBLIC "-//mybatis.org//DTD Mapper 3.0//EN"
        "http://mybatis.org/dtd/mybatis-3-mapper.dtd">


<mapper namespace="com.hwadee.core.repository.CashFlowRepository">
<!--    <cache eviction="LRU" flushInterval="100000" readOnly="true" size="1024"></cache>-->

    <select id="cashFlowNormal" resultType="Project">
        select *
        from cash_flow
        where current_date > flow_time
            and if_paid = false;
    </select>

    <select id="cashFlowAbnormal" resultType="Project">
        select *
        from cash_flow
        where flow_time > current_date
            or if_paid = true;
    </select>

    <insert id="insertCashFlow" parameterType="CashFlow">
        insert
        into cash_flow(project_id,flow_time,amount,pay_account_id,pay_type_id,if_paid)
        values(#{projectId},#{flowTime},#{amount},#{payAccountId},#{payTypeId},#{ifPaid})
    </insert>

    <select id="queryCashFlowById" resultType="CashFlow" parameterType="java.lang.Integer">
        select *
        from cash_flow
        where project_id = #{id}
    </select>
    
    <delete id="deleteCashFlow" parameterType="java.lang.Integer">
        delete from cash_flow
        where project_id = #{id} and flow_time > current_timestamp
    </delete>

    <select id="queryCashsByPId" resultType="CashFlow">
        select *
        from cash_flow
        where project_id=#{pId} and pay_account_id != 0
    </select>

    <update id="pay">
    update cash_flow
        <set>
            <if test="null != userId and userId neq '' ">`pay_account_id` = #{userId},</if>
            `if_paid` = 1,
            `pay_type_id` = #{payTypeId},
        </set>
        where  project_id=#{pId} and flow_time=#{time}
    </update>

    <select id="queryCashFlowByPayAccountId" resultType="CashFlow" parameterType="java.lang.Integer">
        select *
        from cash_flow
        where pay_account_id = #{id}
    </select>

</mapper>