<?xml version="1.0" encoding="UTF-8" ?>
<!DOCTYPE mapper PUBLIC "-//mybatis.org//DTD Mapper 3.0//EN"
        "http://mybatis.org/dtd/mybatis-3-mapper.dtd">


<mapper namespace="com.hwadee.core.repository.CrewRepository">
    <cache eviction="LRU" flushInterval="100000" readOnly="true" size="1024"></cache>

    <select id="queryAllSales" resultType="Crew">
        select *
        from backstage_crew
        where authority_id=1
    </select>

    <select id="querySalesByUserId" parameterType="java.lang.Integer" resultType="Crew">
        select *
        from backstage_crew b
        where b.staff_id in
            (select p.sales_id from project_info p where p.applicant_id = #{id})
    </select>

    <select id="queryOtherSalesByUserId" parameterType="java.lang.Integer" resultType="Crew">
        select *
        from backstage_crew b
        where b.authority_id=1 and b.staff_id not in
              (select p.sales_id from project_info p where p.applicant_id = #{id})
    </select>

    <select id="queryPassword" parameterType="java.lang.Integer" resultType="java.lang.String">
        select password
        from backstage_crew b
        where b.staff_id = #{staffId}
    </select>

</mapper>