<?xml version="1.0" encoding="UTF-8" ?>
<!DOCTYPE mapper PUBLIC "-//mybatis.org//DTD Mapper 3.0//EN"
        "http://mybatis.org/dtd/mybatis-3-mapper.dtd">


<mapper namespace="com.hwadee.core.repository.FinancerRepository">
    <cache eviction="LRU" flushInterval="100000" readOnly="true" size="1024"></cache>

    <select id="projectListByState" resultType="Project" parameterType="int">
        select *
        from project_info
        where state_id = #{state}
        and current_staff_id = #{id}
    </select>

    <insert id="myInsertLoanApproval" parameterType="LoanApproval">
        insert into quote_evaluation
        values  (#{projectId},#{leaseValue},#{leaseRentCost},#{leaseScheduleUnitPrice},#{leaseScheduleUnitTime},#{leaseScheduleDuration},#{loanTime},#{evaluatorId})
    </insert>

    <update id="updateAssetsDisposalFinanceEvaluation">
        update assets_disposal
        set finance_evaluator_id = #{evaluatorId},
            finance_opinions = #{evaluation}
        where project_id = #{id}
    </update>

</mapper>