<?xml version="1.0" encoding="UTF-8" ?>
<!DOCTYPE mapper PUBLIC "-//mybatis.org//DTD Mapper 3.0//EN"
        "http://mybatis.org/dtd/mybatis-3-mapper.dtd">


<mapper namespace="com.hwadee.core.repository.ManagerRepository">
    <cache eviction="LRU" flushInterval="100000" readOnly="true" size="1024"></cache>

    <select id="queryProjects" resultType="Project">
        select project_id as id,
            project_name as name,
            applicant_id as applicantId,
            project_time as updateTime,
            sales_id as salesId
        from project_info
        where state_id = 4
    </select>

    <select id="queryAlterProjects" resultType="Project">
        select project_id as id,
            project_name as name,
            applicant_id as applicantId,
            project_time as updateTime,
            sales_id as salesId
        from project_info
        where state_id = 11
    </select>
<!--    <select id="queryAllProjects" resultType="Project">-->
<!--        select project_id as id,-->
<!--            project_name as name,-->
<!--            applicant_id as applicantId,-->
<!--            project_time as updateTime,-->
<!--            sales_id as salesId-->
<!--        from project_info-->
<!--    </select>-->

</mapper>