<?xml version="1.0" encoding="UTF-8" ?>
<!DOCTYPE mapper PUBLIC "-//mybatis.org//DTD Mapper 3.0//EN"
        "http://mybatis.org/dtd/mybatis-3-mapper.dtd">


<mapper namespace="com.hwadee.core.repository.ProjectAlterRepository">
    <cache eviction="LRU" flushInterval="100000" readOnly="true" size="1024"></cache>

    <select id="queryProcessedApplication" resultType="ProjectAlterApplication">
        select *
        from project_alter_application
        where if_passed is not null
    </select>

    <select id="queryProcessedApplicationById" resultType="ProjectAlterApplication" parameterType="java.lang.Integer">
        select *
        from project_alter_application
        where project_id = #{id}
    </select>

    <select id="queryProjectAlterApplicationById" resultType="ProjectAlterApplication" parameterType="java.lang.Integer">
        select *
        from project_alter_application
        where project_id = #{id}
    </select>

    <update id="updateAlterApproval">
        update project_alter_application
        set if_passed = #{ifPassed},
            manager_evaluation = #{managerEvaluation},
            manager_id = #{managerId}
        where project_id = #{projectId}
    </update>

    <update id="updateFinanceEvaluation">
        update project_alter_application
        set finance_evaluator_id = #{evaluatorId},
            finance_evaluation = #{evaluation}
        where project_id = #{id}
    </update>

    <update id="updateRiskEvaluation">
        update project_alter_application
        set risk_evaluator_id = #{riskEvaluatorId},
            risk_evaluation = #{riskEvaluation}
        where project_id = #{projectId}
    </update>

    <insert id="insertAlterApplication">
        insert into project_alter_application(project_id,lease_schedule_unit_price,lease_schedule_unit_time,lease_schedule_duration,retake_effect_time)
        values(#{application.projectId},#{application.leaseScheduleUnitPrice},#{application.leaseScheduleUnitTime},#{application.leaseScheduleDuration},#{application.retakeEffortTime})
    </insert>



</mapper>