<?xml version="1.0" encoding="UTF-8"?>
<!DOCTYPE mapper PUBLIC "-//mybatis.org//DTD Mapper 3.0//EN"
        "http://mybatis.org/dtd/mybatis-3-mapper.dtd">

<mapper namespace="com.hwadee.core.repository.SignContractRepository">
    <cache eviction="LRU" flushInterval="100000" readOnly="true" size="1024"></cache>

    <select id="queryContractByPId" resultType="java.lang.String">
        select contract_file
        from sign_contract
        where project_id=#{pId}
    </select>

    <select id="queryContract" resultType="SignContract">
        select *
        from sign_contract
    </select>

    <insert id="uploadContract">
        insert into sign_contract values (#{contract.projectId},#{contract.contractFile},#{contract.legalStaffId})
    </insert>
</mapper>


