<?xml version="1.0" encoding="UTF-8" ?>
<!DOCTYPE mapper PUBLIC "-//mybatis.org//DTD Mapper 3.0//EN"
        "http://mybatis.org/dtd/mybatis-3-mapper.dtd">


<mapper namespace="com.hwadee.core.repository.UserRepository">
    <cache eviction="LRU" flushInterval="100000" readOnly="true" size="1024"></cache>

<!--    注册新用户-字节流-->
<!--    <insert id="registerUser">-->
<!--        insert-->
<!--        into user(name,pwd,career,id_card,assets,salary,recent_bill)-->
<!--        values(#{newUser.name},#{newUser.pwd},#{newUser.career},#{newUser.idCard},#{newUser.assets},#{newUser.salary},#{blob})-->
<!--    </insert>-->

    <insert id="registerUser">
        insert
        into user(name,pwd,career,id_card,assets,salary,recent_bill)
        values(#{newUser.name},#{newUser.pwd},#{newUser.career},#{newUser.idCard},#{newUser.assets},#{newUser.salary},#{newUser.recentBill})
    </insert>

    <select id="queryUserById" parameterType="java.lang.Integer" resultType="User">
        select *
        from user
        where id = #{id};
    </select>

    <select id="queryUsers" parameterType="java.lang.Integer" resultType="User">
        select *
        from user;
    </select>

    <update id="updateUserPwd">
        UPDATE user
        <set>
            <if test="null != newPwd and newPwd neq '' ">`pwd` = #{newPwd},</if>
        </set>
        WHERE `id` = #{id}
    </update>

    <update id="updateUserInfo">
        update user
        <set>
            <if test="null != temUser.name and temUser.name neq '' ">`name` = #{temUser.name},</if>
            <if test="null != temUser.idCard and temUser.idCard neq '' ">`id_card` = #{temUser.idCard},</if>
            <if test="null != temUser.salary and temUser.salary neq '' ">`salary` = #{temUser.salary},</if>
            <if test="null != temUser.assets and temUser.assets neq '' ">`assets` = #{temUser.assets},</if>
            <if test="null != temUser.career and temUser.career neq '' ">`career` = #{temUser.career},</if>
            <if test="null != temUser.url and temUser.url neq '' ">`recent_bill` = #{temUser.url},</if>
        </set>
        where `id`=#{temUser.id}
    </update>

    <update id="updateCreditById">
        UPDATE user
        set credit_grade_id = #{creditGradeId},
            credit_evaluation = #{creditEvaluation}
        WHERE `id` = #{id}
    </update>

    <select id="queryBill" resultType="java.lang.String">
        select recent_bill
        from user
        where id=#{id}
    </select>

    <select id="queryUserByIdCard" parameterType="java.lang.String"  resultType="User">
        select *
        from user
        where id_card=#{idCard}
    </select>

</mapper>